Workbook

Sheet 概要
A1: 仮想IMUデータ（UEシミュレーション）
A3: 車体 | B3: 1/32 マッドレイザー（MAシャーシ）
A4: モーター / 駆動 | B4: 標準モーター（キット付属）・デューティ100%（フルスロットル）
A5: コース | B5: オーバルホームサーキット 立体レーンチェンジ（時計回り）・レベル Mini4WD_CourseOut
A6: スタート | B6: 奥側ストレート中央・内側レーンから静止状態で発進
A7: 記録区間 | B7: 発進から4周完走まで（コースアウトなし）
A8: サンプリング | B8: 200 Hz（実機ロガー get_imu.ino と同じ）
A9: センサ想定 | B9: LSM6DS3相当 6軸IMU・車体中心に取付・レンジ ±16 g / ±2000 dps・分解能 0.001 g / 0.1 dps
A10: 座標軸 | B10: X=前方、Y=左、Z=上（右手系）。静止時 az=+1 g。右旋回でgz<0
A11: 値の定義 | B11: 加速度=比力（重力を含む）、各サンプル=直前5 msの平均
A12: 元データ | B12: MiniYonkuSim/Saved/IMU/imu_raw_log.csv → generator/imu_from_log.py で変換
A14: ラップタイム（UEのラップ計測値）
A15: 周回 | B15: ラップ [s] | C15: 平均車速 [m/s] | D15: 最高車速 [m/s] | E15: 平均ヨーレート [dps] | F15: 横加速度 平均 [g] | G15: サンプル数
A16: 1周目 | B16: 2.154 | C16: =AVERAGEIFS(IMUデータ!$H$3:$H$1453,IMUデータ!$I$3:$I$1453,0) -> 2.330257 | D16: =_xlfn.MAXIFS(IMUデータ!$H$3:$H$1453,IMUデータ!$I$3:$I$1453,0) -> 3.139 | E16: =AVERAGEIFS(IMUデータ!$D$3:$D$1453,IMUデータ!$I$3:$I$1453,0) -> -167.94486 | F16: =AVERAGEIFS(IMUデータ!$F$3:$F$1453,IMUデータ!$I$3:$I$1453,0) -> -0.76606776 | G16: =COUNTIFS(IMUデータ!$I$3:$I$1453,0) -> 428
A17: 2周目 | B17: 1.645 | C17: =AVERAGEIFS(IMUデータ!$H$3:$H$1453,IMUデータ!$I$3:$I$1453,1) -> 3.0454802 | D17: =_xlfn.MAXIFS(IMUデータ!$H$3:$H$1453,IMUデータ!$I$3:$I$1453,1) -> 3.342 | E17: =AVERAGEIFS(IMUデータ!$D$3:$D$1453,IMUデータ!$I$3:$I$1453,1) -> -218.80881 | F17: =AVERAGEIFS(IMUデータ!$F$3:$F$1453,IMUデータ!$I$3:$I$1453,1) -> -1.1682796 | G17: =COUNTIFS(IMUデータ!$I$3:$I$1453,1) -> 329
A18: 3周目 | B18: 1.817 | C18: =AVERAGEIFS(IMUデータ!$H$3:$H$1453,IMUデータ!$I$3:$I$1453,2) -> 2.7702637 | D18: =_xlfn.MAXIFS(IMUデータ!$H$3:$H$1453,IMUデータ!$I$3:$I$1453,2) -> 3.303 | E18: =AVERAGEIFS(IMUデータ!$D$3:$D$1453,IMUデータ!$I$3:$I$1453,2) -> -190.74093 | F18: =AVERAGEIFS(IMUデータ!$F$3:$F$1453,IMUデータ!$I$3:$I$1453,2) -> -0.98875549 | G18: =COUNTIFS(IMUデータ!$I$3:$I$1453,2) -> 364
A19: 4周目 | B19: 1.65 | C19: =AVERAGEIFS(IMUデータ!$H$3:$H$1453,IMUデータ!$I$3:$I$1453,3) -> 3.0366909 | D19: =_xlfn.MAXIFS(IMUデータ!$H$3:$H$1453,IMUデータ!$I$3:$I$1453,3) -> 3.319 | E19: =AVERAGEIFS(IMUデータ!$D$3:$D$1453,IMUデータ!$I$3:$I$1453,3) -> -218.21303 | F19: =AVERAGEIFS(IMUデータ!$F$3:$F$1453,IMUデータ!$I$3:$I$1453,3) -> -1.1613273 | G19: =COUNTIFS(IMUデータ!$I$3:$I$1453,3) -> 330
A20: 合計 / 平均 | B20: =SUM(B16:B19) -> 7.266 | C20: =AVERAGE(B16:B19) -> 1.8165 | D20: ← 平均ラップ [s]（実機動画: 約1.7〜2.1 s）
A22: 各チャンネルの統計（全区間）
A23: チャンネル | B23: 最小 | C23: 最大 | D23: 平均 | E23: 標準偏差
A24: gx [dps] | B24: =MIN(IMUデータ!$B$3:$B$1453) -> -443.8 | C24: =MAX(IMUデータ!$B$3:$B$1453) -> 751.7 | D24: =AVERAGE(IMUデータ!$B$3:$B$1453) -> 0.8773949 | E24: =STDEV(IMUデータ!$B$3:$B$1453) -> 59.381487
A25: gy [dps] | B25: =MIN(IMUデータ!$C$3:$C$1453) -> -443.9 | C25: =MAX(IMUデータ!$C$3:$C$1453) -> 391.8 | D25: =AVERAGE(IMUデータ!$C$3:$C$1453) -> -0.12046864 | E25: =STDEV(IMUデータ!$C$3:$C$1453) -> 80.761283
A26: gz [dps] | B26: =MIN(IMUデータ!$D$3:$D$1453) -> -532.9 | C26: =MAX(IMUデータ!$D$3:$D$1453) -> 483.7 | D26: =AVERAGE(IMUデータ!$D$3:$D$1453) -> -196.62888 | E26: =STDEV(IMUデータ!$D$3:$D$1453) -> 175.52875
A27: ax [g] | B27: =MIN(IMUデータ!$E$3:$E$1453) -> -3.989 | C27: =MAX(IMUデータ!$E$3:$E$1453) -> 0.854 | D27: =AVERAGE(IMUデータ!$E$3:$E$1453) -> 0.0033645762 | E27: =STDEV(IMUデータ!$E$3:$E$1453) -> 0.37247496
A28: ay [g] | B28: =MIN(IMUデータ!$F$3:$F$1453) -> -10.052 | C28: =MAX(IMUデータ!$F$3:$F$1453) -> 12.266 | D28: =AVERAGE(IMUデータ!$F$3:$F$1453) -> -1.0030227 | E28: =STDEV(IMUデータ!$F$3:$F$1453) -> 1.4520435
A29: az [g] | B29: =MIN(IMUデータ!$G$3:$G$1453) -> -2.594 | C29: =MAX(IMUデータ!$G$3:$G$1453) -> 11.415 | D29: =AVERAGE(IMUデータ!$G$3:$G$1453) -> 0.99892419 | E29: =STDEV(IMUデータ!$G$3:$G$1453) -> 0.80802947
A30: 車速 [m/s] | B30: =MIN(IMUデータ!$H$3:$H$1453) -> 0.121 | C30: =MAX(IMUデータ!$H$3:$H$1453) -> 3.342 | D30: =AVERAGE(IMUデータ!$H$3:$H$1453) -> 2.7634714 | E30: =STDEV(IMUデータ!$H$3:$H$1453) -> 0.47958679
A32: 注意点
A33: ・発進直後の約0.02 sは、車がコース上 約3 mm から着地するため az が一時的に0 g→約4 gになります。
A34: ・ローラーが壁に当たる瞬間はUEの剛体衝突のため、加速度・角速度に鋭いスパイク（最大±10 g前後）が出ます。実機では車体やローラーの弾性で丸まります。
A35: ・モーターの振動、ギアのガタ、センサノイズ・オフセットは含みません（理想センサ）。
A36: ・実機の取付向きが異なる場合は、軸の入れ替え・符号反転で合わせてください。

Sheet IMUデータ
A1: time_s | B1: gx_dps | C1: gy_dps | D1: gz_dps | E1: ax_g | F1: ay_g | G1: az_g | H1: speed_mps | I1: lap | J1: grounded | K1: gx_ma50ms | L1: gy_ma50ms | M1: gz_ma50ms | N1: ax_ma50ms | O1: ay_ma50ms | P1: az_ma50ms
A2: 時刻 [s] | B2: 角速度X(ロール) [dps] | C2: 角速度Y(ピッチ) [dps] | D2: 角速度Z(ヨー) [dps] | E2: 加速度X(前後) [g] | F2: 加速度Y(左右) [g] | G2: 加速度Z(上下) [g] | H2: 車速 [m/s] | I2: 完了周回数 | J2: 接地(1=接地) | K2: gx 50ms移動平均 | L2: gy 50ms移動平均 | M2: gz 50ms移動平均 | N2: ax 50ms移動平均 | O2: ay 50ms移動平均 | P2: az 50ms移動平均
A3: 0.005 | B3: 0 | C3: 0 | D3: 0 | E3: 0.814 | F3: 0 | G3: 0.001 | H3: 0.137 | I3: 0 | J3: 1 | K3: =AVERAGE(B3:B3) -> 0 | L3: =AVERAGE(C3:C3) -> 0 | M3: =AVERAGE(D3:D3) -> 0 | N3: =AVERAGE(E3:E3) -> 0.814 | O3: =AVERAGE(F3:F3) -> 0 | P3: =AVERAGE(G3:G3) -> 0.001
A4: 0.01 | B4: 0 | C4: 0 | D4: 0 | E4: 0.809 | F4: 0 | G4: 0.001 | H4: 0.197 | I4: 0 | J4: 1 | K4: =AVERAGE(B3:B4) -> 0 | L4: =AVERAGE(C3:C4) -> 0 | M4: =AVERAGE(D3:D4) -> 0 | N4: =AVERAGE(E3:E4) -> 0.8115 | O4: =AVERAGE(F3:F4) -> 0 | P4: =AVERAGE(G3:G4) -> 0.001
A5: 0.015 | B5: 0 | C5: 0 | D5: 0 | E5: 0.798 | F5: 0 | G5: 4.225 | H5: 0.121 | I5: 0 | J5: 1 | K5: =AVERAGE(B3:B5) -> 0 | L5: =AVERAGE(C3:C5) -> 0 | M5: =AVERAGE(D3:D5) -> 0 | N5: =AVERAGE(E3:E5) -> 0.807 | O5: =AVERAGE(F3:F5) -> 0 | P5: =AVERAGE(G3:G5) -> 1.409
A6: 0.02 | B6: 0 | C6: 0.2 | D6: 0 | E6: 0.789 | F6: -0.001 | G6: 1.426 | H6: 0.157 | I6: 0 | J6: 1 | K6: =AVERAGE(B3:B6) -> 0 | L6: =AVERAGE(C3:C6) -> 0.05 | M6: =AVERAGE(D3:D6) -> 0 | N6: =AVERAGE(E3:E6) -> 0.8025 | O6: =AVERAGE(F3:F6) -> -0.00025 | P6: =AVERAGE(G3:G6) -> 1.41325
A7: 0.025 | B7: 0 | C7: -0.2 | D7: 0 | E7: 0.78 | F7: 0.001 | G7: 1.013 | H7: 0.196 | I7: 0 | J7: 1 | K7: =AVERAGE(B3:B7) -> 0 | L7: =AVERAGE(C3:C7) -> 0 | M7: =AVERAGE(D3:D7) -> 0 | N7: =AVERAGE(E3:E7) -> 0.798 | O7: =AVERAGE(F3:F7) -> 0 | P7: =AVERAGE(G3:G7) -> 1.3332
A8: 0.03 | B8: 0 | C8: 0 | D8: 0 | E8: 0.773 | F8: 0 | G8: 1 | H8: 0.234 | I8: 0 | J8: 1 | K8: =AVERAGE(B3:B8) -> 0 | L8: =AVERAGE(C3:C8) -> 0 | M8: =AVERAGE(D3:D8) -> 0 | N8: =AVERAGE(E3:E8) -> 0.79383333 | O8: =AVERAGE(F3:F8) -> 0 | P8: =AVERAGE(G3:G8) -> 1.2776667
A9: 0.035 | B9: 0 | C9: 0 | D9: 0 | E9: 0.765 | F9: 0 | G9: 1 | H9: 0.271 | I9: 0 | J9: 1 | K9: =AVERAGE(B3:B9) -> 0 | L9: =AVERAGE(C3:C9) -> 0 | M9: =AVERAGE(D3:D9) -> 0 | N9: =AVERAGE(E3:E9) -> 0.78971429 | O9: =AVERAGE(F3:F9) -> 0 | P9: =AVERAGE(G3:G9) -> 1.238
A10: 0.04 | B10: 0 | C10: 0 | D10: 0 | E10: 0.757 | F10: 0 | G10: 1 | H10: 0.308 | I10: 0 | J10: 1 | K10: =AVERAGE(B3:B10) -> 0 | L10: =AVERAGE(C3:C10) -> 0 | M10: =AVERAGE(D3:D10) -> 0 | N10: =AVERAGE(E3:E10) -> 0.785625 | O10: =AVERAGE(F3:F10) -> 0 | P10: =AVERAGE(G3:G10) -> 1.20825
A11: 0.045 | B11: 0 | C11: 0 | D11: 0 | E11: 0.75 | F11: 0 | G11: 1 | H11: 0.345 | I11: 0 | J11: 1 | K11: =AVERAGE(B3:B11) -> 0 | L11: =AVERAGE(C3:C11) -> 0 | M11: =AVERAGE(D3:D11) -> 0 | N11: =AVERAGE(E3:E11) -> 0.78166667 | O11: =AVERAGE(F3:F11) -> 0 | P11: =AVERAGE(G3:G11) -> 1.1851111
A12: 0.05 | B12: 0 | C12: 0 | D12: 0 | E12: 0.742 | F12: 0 | G12: 1 | H12: 0.381 | I12: 0 | J12: 1 | K12: =AVERAGE(B3:B12) -> 0 | L12: =AVERAGE(C3:C12) -> 0 | M12: =AVERAGE(D3:D12) -> 0 | N12: =AVERAGE(E3:E12) -> 0.7777 | O12: =AVERAGE(F3:F12) -> 0 | P12: =AVERAGE(G3:G12) -> 1.1666
A13: 0.055 | B13: 0 | C13: 0 | D13: 0 | E13: 0.735 | F13: 0 | G13: 1 | H13: 0.417 | I13: 0 | J13: 1 | K13: =AVERAGE(B4:B13) -> 0 | L13: =AVERAGE(C4:C13) -> 0 | M13: =AVERAGE(D4:D13) -> 0 | N13: =AVERAGE(E4:E13) -> 0.7698 | O13: =AVERAGE(F4:F13) -> 0 | P13: =AVERAGE(G4:G13) -> 1.2665
A14: 0.06 | B14: 0 | C14: 0 | D14: 0 | E14: 0.728 | F14: 0 | G14: 1 | H14: 0.453 | I14: 0 | J14: 1 | K14: =AVERAGE(B5:B14) -> 0 | L14: =AVERAGE(C5:C14) -> 0 | M14: =AVERAGE(D5:D14) -> 0 | N14: =AVERAGE(E5:E14) -> 0.7617 | O14: =AVERAGE(F5:F14) -> 0 | P14: =AVERAGE(G5:G14) -> 1.3664
A15: 0.065 | B15: 0 | C15: 0 | D15: 0 | E15: 0.72 | F15: 0 | G15: 1 | H15: 0.488 | I15: 0 | J15: 1 | K15: =AVERAGE(B6:B15) -> 0 | L15: =AVERAGE(C6:C15) -> 0 | M15: =AVERAGE(D6:D15) -> 0 | N15: =AVERAGE(E6:E15) -> 0.7539 | O15: =AVERAGE(F6:F15) -> 0 | P15: =AVERAGE(G6:G15) -> 1.0439
A16: 0.07 | B16: 0 | C16: 0 | D16: 0 | E16: 0.713 | F16: 0 | G16: 1 | H16: 0.523 | I16: 0 | J16: 1 | K16: =AVERAGE(B7:B16) -> 0 | L16: =AVERAGE(C7:C16) -> -0.02 | M16: =AVERAGE(D7:D16) -> 0 | N16: =AVERAGE(E7:E16) -> 0.7463 | O16: =AVERAGE(F7:F16) -> 0.0001 | P16: =AVERAGE(G7:G16) -> 1.0013
A17: 0.075 | B17: 0 | C17: 0 | D17: 0 | E17: 0.706 | F17: 0 | G17: 1 | H17: 0.558 | I17: 0 | J17: 1 | K17: =AVERAGE(B8:B17) -> 0 | L17: =AVERAGE(C8:C17) -> 0 | M17: =AVERAGE(D8:D17) -> 0 | N17: =AVERAGE(E8:E17) -> 0.7389 | O17: =AVERAGE(F8:F17) -> 0 | P17: =AVERAGE(G8:G17) -> 1
A18: 0.08 | B18: 0 | C18: 0 | D18: 0 | E18: 0.699 | F18: 0 | G18: 1 | H18: 0.592 | I18: 0 | J18: 1 | K18: =AVERAGE(B9:B18) -> 0 | L18: =AVERAGE(C9:C18) -> 0 | M18: =AVERAGE(D9:D18) -> 0 | N18: =AVERAGE(E9:E18) -> 0.7315 | O18: =AVERAGE(F9:F18) -> 0 | P18: =AVERAGE(G9:G18) -> 1
A19: 0.085 | B19: 0 | C19: 0 | D19: 0 | E19: 0.692 | F19: 0 | G19: 1 | H19: 0.626 | I19: 0 | J19: 1 | K19: =AVERAGE(B10:B19) -> 0 | L19: =AVERAGE(C10:C19) -> 0 | M19: =AVERAGE(D10:D19) -> 0 | N19: =AVERAGE(E10:E19) -> 0.7242 | O19: =AVERAGE(F10:F19) -> 0 | P19: =AVERAGE(G10:G19) -> 1
A20: 0.09 | B20: 0 | C20: 0 | D20: 0 | E20: 0.685 | F20: 0 | G20: 1 | H20: 0.66 | I20: 0 | J20: 1 | K20: =AVERAGE(B11:B20) -> 0 | L20: =AVERAGE(C11:C20) -> 0 | M20: =AVERAGE(D11:D20) -> 0 | N20: =AVERAGE(E11:E20) -> 0.717 | O20: =AVERAGE(F11:F20) -> 0 | P20: =AVERAGE(G11:G20) -> 1
A21: 0.095 | B21: 0 | C21: 0 | D21: 0 | E21: 0.678 | F21: 0 | G21: 1 | H21: 0.693 | I21: 0 | J21: 1 | K21: =AVERAGE(B12:B21) -> 0 | L21: =AVERAGE(C12:C21) -> 0 | M21: =AVERAGE(D12:D21) -> 0 | N21: =AVERAGE(E12:E21) -> 0.7098 | O21: =AVERAGE(F12:F21) -> 0 | P21: =AVERAGE(G12:G21) -> 1
A22: 0.1 | B22: 0 | C22: 0 | D22: 0 | E22: 0.672 | F22: 0 | G22: 1 | H22: 0.726 | I22: 0 | J22: 1 | K22: =AVERAGE(B13:B22) -> 0 | L22: =AVERAGE(C13:C22) -> 0 | M22: =AVERAGE(D13:D22) -> 0 | N22: =AVERAGE(E13:E22) -> 0.7028 | O22: =AVERAGE(F13:F22) -> 0 | P22: =AVERAGE(G13:G22) -> 1
A23: 0.105 | B23: 0 | C23: 0 | D23: 0 | E23: 0.665 | F23: 0 | G23: 1 | H23: 0.759 | I23: 0 | J23: 1 | K23: =AVERAGE(B14:B23) -> 0 | L23: =AVERAGE(C14:C23) -> 0 | M23: =AVERAGE(D14:D23) -> 0 | N23: =AVERAGE(E14:E23) -> 0.6958 | O23: =AVERAGE(F14:F23) -> 0 | P23: =AVERAGE(G14:G23) -> 1
... A1453: 7.255 | B1453: 0 | C1453: 0 | D1453: -0.4 | E1453: 0.186 | F1453: -0.001 | G1453: 1 | H1453: 3.094 | I1453: 3 | J1453: 1 | K1453: =AVERAGE(B1444:B1453) -> 0 | L1453: =AVERAGE(C1444:C1453) -> 0 | M1453: =AVERAGE(D1444:D1453) -> -0.63 | N1453: =AVERAGE(E1444:E1453) -> 0.1943 | O1453: =AVERAGE(F1444:F1453) -> -0.0019 | P1453: =AVERAGE(G1444:G1453) -> 1

Sheet グラフ
A1: IMU時系列グラフ（UEシミュレーション・標準モーター・デューティ100%・4周）
A2: 上2つ: センサ生値(200 Hz)。下2つ: 50 ms移動平均（傾向確認用）。データは「IMUデータ」シート。
